Designator,Comment,Package,Mid X,Mid Y,Rotation,Layer
C1,10uF 50V,C_1206_3216Metric,153.205,-86.7,90,top
C2,10uF 50V,C_1206_3216Metric,144.565,-86.865,-90,top
C3,10uF 50V,C_1206_3216Metric,164.675,-86.625,90,top
C4,10uF 50V,C_1206_3216Metric,155.975,-86.65,-90,top
C5,20pF,C_0603_1608Metric,152.575,-120.8,90,top
C6,20pF,C_0603_1608Metric,154.9,-120.8,90,top
C7,22uF 25V,C_1206_3216Metric,112.825,-100.6875,90,top
C8,22uF 25V,C_1206_3216Metric,122.075,-100.7375,90,top
C9,22uF 25V,C_1206_3216Metric,112.825,-91.6125,90,top
C10,22uF 25V,C_1206_3216Metric,122.025,-91.775,90,top
C11,1uF ,C_0603_1608Metric,144.95,-110.275,0,top
C12,1uF ,C_0603_1608Metric,164.775,-102.6,180,top
C13,1uF ,C_0603_1608Metric,148.575,-96.425,-90,top
C14,1uF ,C_0603_1608Metric,158.7,-116.575,90,top
C15,1uF ,C_0603_1608Metric,164.775,-104.275,180,top
C16,100nF 50V,C_0603_1608Metric,132.175,-121.65,-90,top
C17,1uF ,C_0603_1608Metric,126.4,-117.15,180,top
C18,1uF ,C_0603_1608Metric,126.4,-118.975,180,top
C19,1uF ,C_0603_1608Metric,130.425,-121.625,90,top
D1,1N4148WS,D_SOD-323,144.965,-82.8925,0,top
D2,1N4148WS,D_SOD-323,156.425,-82.775,0,top
D3,GREEN,LED_0603_1608Metric,126.5,-103.3,90,top
D4,SMAJ12A,D_SMA,118.6475,-110.2975,0,top
D5,SMAJ36CA,D_SMA,154.275,-42.625,0,top
D6,SMAJ36CA,D_SMA,123.9475,-55.035,90,top
D7,SMAJ36CA,D_SMA,183.95,-55.2025,90,top
D8,SMAJ36A,D_SMA,134.65,-126.05,180,top
D9,SMAJ36A,D_SMA,125.75,-126.1,0,top
D10,RED,LED_0603_1608Metric,124.45,-103.335,90,top
F1,Fuse,Fuse_1206_3216Metric,116.7,-105.8,90,top
FB1,600Ohms@100Mhz,L_0603_1608Metric,164.775,-100.85,0,top
J1,Barrel_Jack_Switch,BarrelJack_GCT_DCJ200-10-A_Horizontal,117.875,-119.9,-90,top
J2,Conn_01x06_Pin,PinHeader_1x06_P2.54mm_Vertical,136.4,-96.795,0,top
J3,Conn_ST_STDC14,PinHeader_2x07_P1.27mm_Vertical,129.825,-98.49,0,top
J4,Screw_Terminal_01x03,TerminalBlock_MetzConnect_Type055_RT01503HDWU_1x03_P5.00mm_Horizontal,135.215,-132.475,180,top
J5,Conn_Coaxial,SMA_Amphenol_901-144_Vertical,198.82,-105.1,0,top
J6,Conn_Coaxial,SMA_Amphenol_901-144_Vertical,198.785,-92.06,0,top
J7,Conn_01x08_Pin,PinHeader_1x08_P2.54mm_Horizontal,159.75,-132.025,-90,top
L1,FXL1770-2R2-M,L_Vishay_IHLP-6767,154.275,-55.5,0,top
Q1,BSC028N06LS3,TDSON-8-1,135.1,-49.55,180,top
Q2,BSC028N06LS3,TDSON-8-1,135.125,-61.45,0,top
Q3,BSC028N06LS3,TDSON-8-1,172.925,-49.5,0,top
Q4,BSC028N06LS3,TDSON-8-1,173,-61.4,180,top
R1,4.7,R_0603_1608Metric,148.24,-82.15,90,top
R2,4.7,R_0603_1608Metric,150.14,-82.175,90,top
R3,4.7,R_0603_1608Metric,159.675,-82.125,90,top
R4,4.7,R_0603_1608Metric,161.575,-82.125,90,top
R5,0.1,L_2512_6332Metric_Pad1.52x3.35mm_HandSolder,127.025,-62.155,0,top
R6,0.1,L_2512_6332Metric_Pad1.52x3.35mm_HandSolder,181.05,-62.325,180,top
R7,10k,R_0603_1608Metric,131.625,-82.375,90,top
R8,10k,R_0603_1608Metric,129.75,-82.375,90,top
R9,10k,R_0603_1608Metric,178.3,-83.575,90,top
R10,10k,R_0603_1608Metric,179.975,-83.575,90,top
R11,10k,R_0603_1608Metric,125.775,-82.375,-90,top
R12,47k,R_0603_1608Metric,127.8,-82.4,90,top
R13,10k,R_0603_1608Metric,168.8,-82.835,180,top
R14,47k,R_0603_1608Metric,168.8,-80.2,180,top
R15,10k,R_0603_1608Metric,134.3,-85.725,180,top
R16,10k,R_0603_1608Metric,134.3,-88.525,180,top
R17,0.1,L_2512_6332Metric_Pad1.52x3.35mm_HandSolder,126.95,-48.465,180,top
R18,10k,R_0603_1608Metric,168.8,-85.625,180,top
R19,10k,R_0603_1608Metric,168.825,-88.325,180,top
R20,0.1,L_2512_6332Metric_Pad1.52x3.35mm_HandSolder,180.95,-48.6,0,top
R21,10k,R_0603_1608Metric,139.825,-84.025,0,top
R22,0,R_0603_1608Metric,140.5625,-86.7875,-90,top
R23,0,R_0603_1608Metric,175.225,-86.5,-90,top
R24,10k,R_0603_1608Metric,174.45,-83.925,0,top
R25,10k,R_0603_1608Metric,156.825,-116.6,-90,top
R26,10k,R_0603_1608Metric,144.925,-112,180,top
R27,4.7k,R_0603_1608Metric,126.6,-99.9,90,top
R28,10k,R_0603_1608Metric,139.35,-105.9,-90,top
R29,60,R_0603_1608Metric,134.6,-120.875,180,top
R30,60,R_0603_1608Metric,134.6,-122.75,0,top
R31,10k,R_0603_1608Metric,126.4,-115.325,180,top
R32,10k,R_0603_1608Metric,140.125,-121.85,-90,top
R33,10k,R_0603_1608Metric,144.925,-113.825,0,top
R34,10k,R_0603_1608Metric,128.6,-121.625,-90,top
R35,4.7k,R_0603_1608Metric,124.45,-99.9,90,top
R36,4.7k,R_0603_1608Metric,148.375,-116.5,90,top
R37,4.7k,R_0603_1608Metric,150.325,-116.5,90,top
U1,STM32G474RBTx,LQFP-64_10x10mm_P0.5mm,154.95,-106.525,90,top
U2,EG3112,SOIC-8_3.9x4.9mm_P1.27mm,148.88,-87.85,90,top
U3,EG3112,SOIC-8_3.9x4.9mm_P1.27mm,160.315,-87.7,90,top
U4,INA138,SOT-23-5,137.8625,-87.1,-90,top
U5,REF3030,SOT-23,171.95,-103.4125,0,top
U6,INA138,SOT-23-5,172.425,-87.025,-90,top
U7,HT7533,SOT-89-3,116.875,-100.5625,180,top
U8,HT7550,SOT-89-3,116.95,-91.8125,180,top
U9,TJA1043T,SOIC-14_3.9x8.7mm_P1.27mm,133.77,-115.875,-90,top
Y1,24Mhz,Crystal_SMD_3225-4Pin_3.2x2.5mm,153.7,-116.7,180,top
