Designator,Comment,Datasheet,Footprint,Qty,DNP
"C1,C2,C3,C4",10uF 50V,~,Capacitor_SMD:C_1206_3216Metric,4,
"C5,C6",20pF,~,Capacitor_SMD:C_0603_1608Metric,2,
"C7,C8,C9,C10",22uF 25V,~,Capacitor_SMD:C_1206_3216Metric,4,
"C11,C12,C13,C14,C15,C17,C18,C19",1uF ,~,Capacitor_SMD:C_0603_1608Metric,8,
C16,100nF 50V,~,Capacitor_SMD:C_0603_1608Metric,1,
"D1,D2",1N4148WS,https://www.vishay.com/docs/85751/1n4148ws.pdf,Diode_SMD:D_SOD-323,2,
D3,GREEN,~,LED_SMD:LED_0603_1608Metric,1,
D4,SMAJ12A,https://www.littelfuse.com/media?resourcetype=datasheets&itemid=75e32973-b177-4ee3-a0ff-cedaf1abdb93&filename=smaj-datasheet,Diode_SMD:D_SMA,1,
"D5,D6,D7",SMAJ36CA,https://www.littelfuse.com/media?resourcetype=datasheets&itemid=75e32973-b177-4ee3-a0ff-cedaf1abdb93&filename=smaj-datasheet,Diode_SMD:D_SMA,3,
"D8,D9",SMAJ36A,https://www.littelfuse.com/media?resourcetype=datasheets&itemid=75e32973-b177-4ee3-a0ff-cedaf1abdb93&filename=smaj-datasheet,Diode_SMD:D_SMA,2,
D10,RED,~,LED_SMD:LED_0603_1608Metric,1,
F1,Fuse,~,Fuse:Fuse_1206_3216Metric,1,
FB1,600Ohms@100Mhz,~,Inductor_SMD:L_0603_1608Metric,1,
H1,VDC,~,MountingHole:MountingHole_5.5mm_Pad_Via,1,
H2,VSW,~,MountingHole:MountingHole_5.5mm_Pad_Via,1,
"H3,H4,H5,H6,H7,H8",GND,~,-- 混合�?--,6,
J1,Barrel_Jack_Switch,~,Connector_BarrelJack:BarrelJack_GCT_DCJ200-10-A_Horizontal,1,
J2,Conn_01x06_Pin,~,Connector_PinHeader_2.54mm:PinHeader_1x06_P2.54mm_Vertical,1,
J3,Conn_ST_STDC14,https://www.st.com/content/ccc/resource/technical/document/user_manual/group1/99/49/91/b6/b2/3a/46/e5/DM00526767/files/DM00526767.pdf/jcr:content/translations/en.DM00526767.pdf,Connector_PinHeader_1.27mm:PinHeader_2x07_P1.27mm_Vertical,1,
J4,Screw_Terminal_01x03,~,TerminalBlock_MetzConnect:TerminalBlock_MetzConnect_Type055_RT01503HDWU_1x03_P5.00mm_Horizontal,1,
"J5,J6",Conn_Coaxial, ~,Connector_Coaxial:SMA_Amphenol_901-144_Vertical,2,
J7,Conn_01x08_Pin,~,Connector_PinHeader_2.54mm:PinHeader_1x08_P2.54mm_Horizontal,1,
L1,FXL1770-2R2-M,~,Inductor_SMD:L_Vishay_IHLP-6767,1,
"Q1,Q2,Q3,Q4",BSC028N06LS3,http://www.infineon.com/dgdl/Infineon-BSC028N06LS3-DS-v02_02-en.pdf?fileId=db3a30431ddc9372011ebafa4c607f8c,Package_TO_SOT_SMD:TDSON-8-1,4,
"R1,R2,R3,R4",4.7,~,Resistor_SMD:R_0603_1608Metric,4,
"R5,R6,R17,R20",0.1,~,Inductor_SMD:L_2512_6332Metric_Pad1.52x3.35mm_HandSolder,4,
"R7,R8,R9,R10,R11,R13,R15,R16,R18,R19,R21,R24,R25,R26,R28,R31,R32,R33,R34",10k,~,Resistor_SMD:R_0603_1608Metric,19,
"R12,R14",47k,~,Resistor_SMD:R_0603_1608Metric,2,
"R22,R23",0,~,Resistor_SMD:R_0603_1608Metric,2,
"R27,R35,R36,R37",4.7k,~,Resistor_SMD:R_0603_1608Metric,4,
"R29,R30",60,~,Resistor_SMD:R_0603_1608Metric,2,
U1,STM32G474RBTx,https://www.st.com/resource/en/datasheet/stm32g474rb.pdf,Package_QFP:LQFP-64_10x10mm_P0.5mm,1,
"U2,U3",EG3112,https://www.infineon.com/dgdl/ir2183.pdf?fileId=5546d462533600a4015355c9490e16d1,Package_SO:SOIC-8_3.9x4.9mm_P1.27mm,2,
"U4,U6",INA138,http://www.ti.com/lit/ds/symlink/ina138.pdf,Package_TO_SOT_SMD:SOT-23-5,2,
U5,REF3030,http://www.ti.com/lit/ds/symlink/ref3033.pdf,Package_TO_SOT_SMD:SOT-23,1,
U7,HT7533,https://www.holtek.com/documents/10179/116711/HT75xx-1v250.pdf,Package_TO_SOT_SMD:SOT-89-3,1,
U8,HT7550,https://www.holtek.com/documents/10179/116711/HT75xx-1v250.pdf,Package_TO_SOT_SMD:SOT-89-3,1,
U9,TJA1043T,https://www.nxp.com/docs/en/data-sheet/TJA1043.pdf,Package_SO:SOIC-14_3.9x8.7mm_P1.27mm,1,
Y1,24Mhz,~,Crystal:Crystal_SMD_3225-4Pin_3.2x2.5mm,1,
