{"TimeStamp":"Mon Apr 22 22:34:47 2024\n","Circuits":{"ExitCode":"0","TraceCount":"31","Mode":"SPICE","Type":"TIFullMode","Models":[{"ModelName":"X_M1.N_MOSFET.DBT","FileName":"c:\\cadence\\pspiceti\\tools\\pspice\\library\\breakout.lib","ModelType":".model","DeviceType":"D","Source":"FROM_INC","isLibSigned":"true","isAllowed":"true"},{"ModelName":"X_M1.N_MOSFET","FileName":"c:\\cadence\\pspiceti\\tools\\pspice\\library\\breakout.lib","ModelType":".model","DeviceType":"M","Source":"FROM_INC","isLibSigned":"true","isAllowed":"true"},{"ModelName":"Qbreakn","FileName":"c:\\cadence\\pspiceti\\tools\\pspice\\library\\breakout.lib","ModelType":".model","DeviceType":"Q","Source":"FROM_INC","isLibSigned":"true","isAllowed":"true"},{"ModelName":"Qbreakp","FileName":"c:\\cadence\\pspiceti\\tools\\pspice\\library\\breakout.lib","ModelType":".model","DeviceType":"Q","Source":"FROM_INC","isLibSigned":"true","isAllowed":"true"},{"ModelName":"X_M1.S_GATE_CHG_SW","FileName":"c:\\cadence\\pspiceti\\tools\\pspice\\library\\breakout.lib","ModelType":".model","DeviceType":"S","Source":"FROM_INC","isLibSigned":"true","isAllowed":"true"},{"ModelName":"POWER_NMOS_P","FileName":"c:\\cadence\\pspiceti\\tools\\pspice\\library\\breakout.lib","ModelType":".subckt","DeviceType":"X","Source":"FROM_INC","isLibSigned":"true","isAllowed":"true"}]}}